scene	k1_true	k2_true	p1	p2
HCM0421	-0.00304	0.01846	0.00007	0.00019
HCM0539	-0.00380	0.01846	0.00005	0.00013
HCM0540	-0.00188	0.01678	0.00019	0.00017
HCM0644	-0.00130	0.01608	0.00021	-0.00038
HCM0674	-0.00242	0.01722	0.00015	0.00010
HCM0204	-0.00117	0.01710	0.00016	-0.00034
